Week,Day,Date,Time,Winner/tie,Location,Loser/tie,PtsW,PtsL,YdsW,TOW,YdsL,TOL
1,Thu,2020-09-10,8:20PM,Kansas City Chiefs,vs,Houston Texans,34,20,369,0,360,1
1,Sun,2020-09-13,1:00PM,Seattle Seahawks,@,Atlanta Falcons,38,25,383,0,506,2
1,Sun,2020-09-13,1:00PM,Buffalo Bills,vs,New York Jets,27,17,404,2,254,2
1,Sun,2020-09-13,1:00PM,Las Vegas Raiders,@,Carolina Panthers,34,30,372,0,388,0
1,Sun,2020-09-13,1:00PM,Chicago Bears,@,Detroit Lions,27,23,363,0,426,1
1,Sun,2020-09-13,1:00PM,Baltimore Ravens,vs,Cleveland Browns,38,6,381,1,306,3
1,Sun,2020-09-13,1:00PM,Jacksonville Jaguars,vs,Indianapolis Colts,27,20,241,0,445,2
1,Sun,2020-09-13,1:00PM,Green Bay Packers,@,Minnesota Vikings,43,34,522,0,382,1
1,Sun,2020-09-13,1:00PM,New England Patriots,vs,Miami Dolphins,21,11,357,1,269,3
1,Sun,2020-09-13,1:00PM,Washington Football Team,vs,Philadelphia Eagles,27,17,239,0,265,3
1,Sun,2020-09-13,4:05PM,Los Angeles Chargers,@,Cincinnati Bengals,16,13,362,0,295,2
1,Sun,2020-09-13,4:25PM,Arizona Cardinals,@,San Francisco 49ers,24,20,404,1,366,0
1,Sun,2020-09-13,4:25PM,New Orleans Saints,vs,Tampa Bay Buccaneers,34,23,271,0,310,3
1,Sun,2020-09-13,8:20PM,Los Angeles Rams,vs,Dallas Cowboys,20,17,422,1,380,0
1,Mon,2020-09-14,7:15PM,Pittsburgh Steelers,@,New York Giants,26,16,349,1,291,2
1,Mon,2020-09-14,10:10PM,Tennessee Titans,@,Denver Broncos,16,14,377,0,323,1
2,Thu,2020-09-17,8:20PM,Cleveland Browns,vs,Cincinnati Bengals,35,30,434,1,353,1
2,Sun,2020-09-20,1:00PM,Dallas Cowboys,vs,Atlanta Falcons,40,39,570,3,380,0
2,Sun,2020-09-20,1:00PM,Buffalo Bills,@,Miami Dolphins,31,28,523,1,410,0
2,Sun,2020-09-20,1:00PM,Tampa Bay Buccaneers,vs,Carolina Panthers,31,17,339,2,427,4
2,Sun,2020-09-20,1:00PM,Chicago Bears,vs,New York Giants,17,13,304,2,295,2
2,Sun,2020-09-20,1:00PM,Indianapolis Colts,vs,Minnesota Vikings,28,11,354,1,175,3
2,Sun,2020-09-20,1:00PM,Pittsburgh Steelers,vs,Denver Broncos,26,21,410,2,319,2
2,Sun,2020-09-20,1:00PM,Green Bay Packers,vs,Detroit Lions,42,21,488,0,307,1
2,Sun,2020-09-20,1:00PM,Tennessee Titans,vs,Jacksonville Jaguars,33,30,354,0,480,2
2,Sun,2020-09-20,1:00PM,San Francisco 49ers,@,New York Jets,31,13,359,1,277,0
2,Sun,2020-09-20,1:00PM,Los Angeles Rams,@,Philadelphia Eagles,37,19,449,1,363,3
2,Sun,2020-09-20,4:05PM,Arizona Cardinals,vs,Washington Football Team,30,15,438,1,316,2
2,Sun,2020-09-20,4:25PM,Baltimore Ravens,@,Houston Texans,33,16,407,0,304,2
2,Sun,2020-09-20,4:25PM,Kansas City Chiefs,@,Los Angeles Chargers,23,20,414,0,479,1
2,Sun,2020-09-20,8:20PM,Seattle Seahawks,vs,New England Patriots,35,30,429,1,464,1
2,Mon,2020-09-21,8:15PM,Las Vegas Raiders,vs,New Orleans Saints,34,24,377,1,424,1
3,Thu,2020-09-24,8:20PM,Miami Dolphins,@,Jacksonville Jaguars,31,13,294,0,318,2
3,Sun,2020-09-27,1:00PM,Chicago Bears,@,Atlanta Falcons,30,26,437,2,371,1
3,Sun,2020-09-27,1:00PM,Buffalo Bills,vs,Los Angeles Rams,35,32,375,2,478,2
3,Sun,2020-09-27,1:00PM,Philadelphia Eagles,vs,Cincinnati Bengals,23,23,378,2,304,0
3,Sun,2020-09-27,1:00PM,Cleveland Browns,vs,Washington Football Team,34,20,300,0,309,5
3,Sun,2020-09-27,1:00PM,Pittsburgh Steelers,vs,Houston Texans,28,21,387,0,260,1
3,Sun,2020-09-27,1:00PM,Tennessee Titans,@,Minnesota Vikings,31,30,444,1,464,3
3,Sun,2020-09-27,1:00PM,New England Patriots,vs,Las Vegas Raiders,36,20,406,1,375,3
3,Sun,2020-09-27,1:00PM,San Francisco 49ers,@,New York Giants,36,9,420,0,231,3
3,Sun,2020-09-27,4:05PM,Carolina Panthers,@,Los Angeles Chargers,21,16,302,0,436,4
3,Sun,2020-09-27,4:05PM,Indianapolis Colts,vs,New York Jets,36,7,353,0,260,3
3,Sun,2020-09-27,4:25PM,Detroit Lions,@,Arizona Cardinals,26,23,322,0,377,3
3,Sun,2020-09-27,4:25PM,Seattle Seahawks,vs,Dallas Cowboys,38,31,412,1,522,3
3,Sun,2020-09-27,4:25PM,Tampa Bay Buccaneers,@,Denver Broncos,28,10,353,0,226,2
3,Sun,2020-09-27,8:20PM,Green Bay Packers,@,New Orleans Saints,37,30,369,0,397,1
3,Mon,2020-09-28,8:15PM,Kansas City Chiefs,@,Baltimore Ravens,34,20,517,1,228,1
4,Thu,2020-10-01,8:20PM,Denver Broncos,@,New York Jets,37,28,359,3,321,0
4,Sun,2020-10-04,1:00PM,Carolina Panthers,vs,Arizona Cardinals,31,21,444,1,262,1
4,Sun,2020-10-04,1:00PM,Indianapolis Colts,@,Chicago Bears,19,11,289,0,269,1
4,Sun,2020-10-04,1:00PM,Cincinnati Bengals,vs,Jacksonville Jaguars,33,25,505,1,429,1
4,Sun,2020-10-04,1:00PM,Cleveland Browns,@,Dallas Cowboys,49,38,508,0,566,3
4,Sun,2020-10-04,1:00PM,New Orleans Saints,@,Detroit Lions,35,29,392,1,281,1
4,Sun,2020-10-04,1:00PM,Minnesota Vikings,@,Houston Texans,31,23,410,0,386,1
4,Sun,2020-10-04,1:00PM,Seattle Seahawks,@,Miami Dolphins,31,23,441,1,415,2
4,Sun,2020-10-04,1:00PM,Baltimore Ravens,@,Washington Football Team,31,17,350,2,343,1
4,Sun,2020-10-04,1:00PM,Tampa Bay Buccaneers,vs,Los Angeles Chargers,38,31,484,1,324,2
4,Sun,2020-10-04,4:05PM,Los Angeles Rams,vs,New York Giants,17,9,240,1,295,1
4,Sun,2020-10-04,4:25PM,Buffalo Bills,@,Las Vegas Raiders,30,23,337,0,383,2
4,Sun,2020-10-04,8:20PM,Philadelphia Eagles,@,San Francisco 49ers,25,20,267,1,417,3
4,Mon,2020-10-05,7:05PM,Kansas City Chiefs,vs,New England Patriots,26,10,323,1,357,4
4,Mon,2020-10-05,8:15PM,Green Bay Packers,vs,Atlanta Falcons,30,16,403,0,327,0
5,Thu,2020-10-08,8:20PM,Chicago Bears,vs,Tampa Bay Buccaneers,20,19,243,1,339,1
5,Sun,2020-10-11,1:00PM,Carolina Panthers,@,Atlanta Falcons,23,16,437,0,373,1
5,Sun,2020-10-11,1:00PM,Baltimore Ravens,vs,Cincinnati Bengals,27,3,332,1,205,3
5,Sun,2020-10-11,1:00PM,Arizona Cardinals,@,New York Jets,30,10,496,1,285,0
5,Sun,2020-10-11,1:00PM,Houston Texans,vs,Jacksonville Jaguars,30,14,486,2,364,2
5,Sun,2020-10-11,1:00PM,Las Vegas Raiders,@,Kansas City Chiefs,40,32,490,1,413,1
5,Sun,2020-10-11,1:00PM,Pittsburgh Steelers,vs,Philadelphia Eagles,38,29,367,1,336,2
5,Sun,2020-10-11,1:00PM,Los Angeles Rams,@,Washington Football Team,30,10,429,1,108,0
5,Sun,2020-10-11,4:05PM,Miami Dolphins,@,San Francisco 49ers,43,17,436,0,259,3
5,Sun,2020-10-11,4:25PM,Cleveland Browns,vs,Indianapolis Colts,32,23,385,2,308,2
5,Sun,2020-10-11,4:25PM,Dallas Cowboys,vs,New York Giants,37,34,402,2,300,1
5,Sun,2020-10-11,8:20PM,Seattle Seahawks,vs,Minnesota Vikings,27,26,314,1,449,2
5,Mon,2020-10-12,8:15PM,New Orleans Saints,vs,Los Angeles Chargers,30,27,408,1,350,0
5,Tue,2020-10-13,7:00PM,Tennessee Titans,vs,Buffalo Bills,42,16,334,0,370,3
6,Sun,2020-10-18,1:00PM,Denver Broncos,@,New England Patriots,18,12,299,2,288,3
6,Sun,2020-10-18,1:00PM,Detroit Lions,@,Jacksonville Jaguars,34,16,403,1,275,2
6,Sun,2020-10-18,1:00PM,Atlanta Falcons,@,Minnesota Vikings,40,23,462,1,365,3
6,Sun,2020-10-18,1:00PM,Chicago Bears,@,Carolina Panthers,23,16,261,1,303,3
6,Sun,2020-10-18,1:00PM,Indianapolis Colts,vs,Cincinnati Bengals,31,27,430,2,398,1
6,Sun,2020-10-18,1:00PM,Pittsburgh Steelers,vs,Cleveland Browns,38,7,277,0,220,2
6,Sun,2020-10-18,1:00PM,Tennessee Titans,vs,Houston Texans,42,36,607,2,412,0
6,Sun,2020-10-18,1:00PM,New York Giants,vs,Washington Football Team,20,19,240,1,337,2
6,Sun,2020-10-18,1:00PM,Baltimore Ravens,@,Philadelphia Eagles,30,28,355,0,364,1
6,Sun,2020-10-18,4:05PM,Miami Dolphins,vs,New York Jets,24,0,302,2,263,1
6,Sun,2020-10-18,4:25PM,Tampa Bay Buccaneers,vs,Green Bay Packers,38,10,324,0,201,2
6,Sun,2020-10-18,8:20PM,San Francisco 49ers,vs,Los Angeles Rams,24,16,390,0,311,1
6,Mon,2020-10-19,5:00PM,Kansas City Chiefs,@,Buffalo Bills,26,17,466,1,206,1
6,Mon,2020-10-19,8:15PM,Arizona Cardinals,@,Dallas Cowboys,38,10,438,0,344,4
7,Thu,2020-10-22,8:20PM,Philadelphia Eagles,vs,New York Giants,22,21,442,1,325,3
7,Sun,2020-10-25,1:00PM,Green Bay Packers,@,Houston Texans,35,20,379,0,365,1
7,Sun,2020-10-25,1:00PM,Pittsburgh Steelers,@,Tennessee Titans,27,24,362,3,292,0
7,Sun,2020-10-25,1:00PM,Detroit Lions,@,Atlanta Falcons,23,22,386,0,388,1
7,Sun,2020-10-25,1:00PM,Buffalo Bills,@,New York Jets,18,10,422,1,191,2
7,Sun,2020-10-25,1:00PM,New Orleans Saints,vs,Carolina Panthers,27,24,415,1,283,0
7,Sun,2020-10-25,1:00PM,Cleveland Browns,@,Cincinnati Bengals,37,34,398,1,468,2
7,Sun,2020-10-25,1:00PM,Washington Football Team,vs,Dallas Cowboys,25,3,397,0,142,1
7,Sun,2020-10-25,4:05PM,Tampa Bay Buccaneers,@,Las Vegas Raiders,45,20,454,0,347,1
7,Sun,2020-10-25,4:25PM,Kansas City Chiefs,@,Denver Broncos,43,16,286,1,411,4
7,Sun,2020-10-25,4:25PM,San Francisco 49ers,@,New England Patriots,33,6,467,2,241,4
7,Sun,2020-10-25,4:25PM,Los Angeles Chargers,vs,Jacksonville Jaguars,39,29,484,0,294,1
7,Sun,2020-10-25,8:20PM,Arizona Cardinals,vs,Seattle Seahawks,37,34,519,2,572,3
7,Mon,2020-10-26,8:15PM,Los Angeles Rams,vs,Chicago Bears,24,10,371,1,279,2
8,Thu,2020-10-29,8:20PM,Atlanta Falcons,@,Carolina Panthers,25,17,401,1,304,1
8,Sun,2020-11-01,1:00PM,Indianapolis Colts,@,Detroit Lions,41,21,366,0,326,2
8,Sun,2020-11-01,1:00PM,Minnesota Vikings,@,Green Bay Packers,28,22,324,0,400,1
8,Sun,2020-11-01,1:00PM,Miami Dolphins,vs,Los Angeles Rams,28,17,145,2,471,4
8,Sun,2020-11-01,1:00PM,Pittsburgh Steelers,@,Baltimore Ravens,28,24,221,1,457,4
8,Sun,2020-11-01,1:00PM,Buffalo Bills,vs,New England Patriots,24,21,339,1,349,1
8,Sun,2020-11-01,1:00PM,Cincinnati Bengals,vs,Tennessee Titans,31,20,367,0,441,1
8,Sun,2020-11-01,1:00PM,Las Vegas Raiders,@,Cleveland Browns,16,6,309,0,223,1
8,Sun,2020-11-01,1:00PM,Kansas City Chiefs,vs,New York Jets,35,9,496,0,221,1
8,Sun,2020-11-01,4:05PM,Denver Broncos,vs,Los Angeles Chargers,31,30,351,1,485,2
8,Sun,2020-11-01,4:25PM,Seattle Seahawks,vs,San Francisco 49ers,37,27,350,0,351,2
8,Sun,2020-11-01,4:25PM,New Orleans Saints,@,Chicago Bears,26,23,394,0,329,1
8,Sun,2020-11-01,8:20PM,Philadelphia Eagles,vs,Dallas Cowboys,23,9,222,4,265,2
8,Mon,2020-11-02,8:15PM,Tampa Bay Buccaneers,@,New York Giants,25,23,344,1,357,2
9,Thu,2020-11-05,8:20PM,Green Bay Packers,@,San Francisco 49ers,34,17,405,0,337,2
9,Sun,2020-11-08,1:00PM,Baltimore Ravens,@,Indianapolis Colts,24,10,266,1,339,2
9,Sun,2020-11-08,1:00PM,Minnesota Vikings,vs,Detroit Lions,34,20,487,0,421,3
9,Sun,2020-11-08,1:00PM,Houston Texans,@,Jacksonville Jaguars,27,25,374,1,403,1
9,Sun,2020-11-08,1:00PM,Atlanta Falcons,vs,Denver Broncos,34,27,363,1,405,1
9,Sun,2020-11-08,1:00PM,Buffalo Bills,vs,Seattle Seahawks,44,34,420,0,419,4
9,Sun,2020-11-08,1:00PM,Kansas City Chiefs,vs,Carolina Panthers,33,31,397,1,435,0
9,Sun,2020-11-08,1:00PM,Tennessee Titans,vs,Chicago Bears,24,17,228,0,375,2
9,Sun,2020-11-08,1:00PM,New York Giants,@,Washington Football Team,23,20,350,0,402,5
9,Sun,2020-11-08,4:05PM,Las Vegas Raiders,@,Los Angeles Chargers,31,26,320,1,440,1
9,Sun,2020-11-08,4:25PM,Miami Dolphins,@,Arizona Cardinals,34,31,312,0,442,1
9,Sun,2020-11-08,4:25PM,Pittsburgh Steelers,@,Dallas Cowboys,24,19,355,0,364,2
9,Sun,2020-11-08,8:20PM,New Orleans Saints,@,Tampa Bay Buccaneers,38,3,420,2,194,3
9,Mon,2020-11-09,8:15PM,New England Patriots,@,New York Jets,30,27,433,0,322,1
10,Thu,2020-11-12,8:20PM,Indianapolis Colts,@,Tennessee Titans,34,17,430,0,294,0
10,Sun,2020-11-15,1:00PM,Cleveland Browns,vs,Houston Texans,10,7,356,0,243,0
10,Sun,2020-11-15,1:00PM,Detroit Lions,vs,Washington Football Team,30,27,372,0,464,1
10,Sun,2020-11-15,1:00PM,Green Bay Packers,vs,Jacksonville Jaguars,24,20,395,2,260,1
10,Sun,2020-11-15,1:00PM,Tampa Bay Buccaneers,@,Carolina Panthers,46,23,544,1,187,1
10,Sun,2020-11-15,1:00PM,New York Giants,vs,Philadelphia Eagles,27,17,382,0,346,0
10,Sun,2020-11-15,4:05PM,Las Vegas Raiders,vs,Denver Broncos,37,12,357,0,313,5
10,Sun,2020-11-15,4:05PM,Miami Dolphins,vs,Los Angeles Chargers,29,21,280,1,273,1
10,Sun,2020-11-15,4:05PM,Arizona Cardinals,vs,Buffalo Bills,32,30,453,2,369,2
10,Sun,2020-11-15,4:25PM,Pittsburgh Steelers,vs,Cincinnati Bengals,36,10,377,0,324,2
10,Sun,2020-11-15,4:25PM,New Orleans Saints,vs,San Francisco 49ers,27,13,237,2,281,4
10,Sun,2020-11-15,4:25PM,Los Angeles Rams,vs,Seattle Seahawks,23,16,389,1,333,3
10,Sun,2020-11-15,8:20PM,New England Patriots,vs,Baltimore Ravens,23,17,308,0,357,1
10,Mon,2020-11-16,8:15PM,Minnesota Vikings,@,Chicago Bears,19,13,385,2,149,2
11,Thu,2020-11-19,8:20PM,Seattle Seahawks,vs,Arizona Cardinals,28,21,347,0,314,0
11,Sun,2020-11-22,1:00PM,New Orleans Saints,vs,Atlanta Falcons,24,9,376,1,248,2
11,Sun,2020-11-22,1:00PM,Washington Football Team,vs,Cincinnati Bengals,20,9,325,1,272,2
11,Sun,2020-11-22,1:00PM,Cleveland Browns,vs,Philadelphia Eagles,22,17,324,1,315,3
11,Sun,2020-11-22,1:00PM,Houston Texans,vs,New England Patriots,27,20,399,0,435,0
11,Sun,2020-11-22,1:00PM,Pittsburgh Steelers,@,Jacksonville Jaguars,27,3,373,1,206,4
11,Sun,2020-11-22,1:00PM,Tennessee Titans,@,Baltimore Ravens,30,24,423,1,306,1
11,Sun,2020-11-22,1:00PM,Carolina Panthers,vs,Detroit Lions,20,0,374,2,185,1
11,Sun,2020-11-22,4:05PM,Denver Broncos,vs,Miami Dolphins,20,13,459,2,223,1
11,Sun,2020-11-22,4:05PM,Los Angeles Chargers,vs,New York Jets,34,28,376,1,292,1
11,Sun,2020-11-22,4:25PM,Indianapolis Colts,vs,Green Bay Packers,34,31,420,2,367,4
11,Sun,2020-11-22,4:25PM,Dallas Cowboys,@,Minnesota Vikings,31,28,376,1,430,2
11,Sun,2020-11-22,8:20PM,Kansas City Chiefs,@,Las Vegas Raiders,35,31,460,1,364,1
11,Mon,2020-11-23,8:15PM,Los Angeles Rams,@,Tampa Bay Buccaneers,27,24,413,2,251,2
12,Thu,2020-11-26,12:30PM,Houston Texans,@,Detroit Lions,41,25,384,1,388,3
12,Thu,2020-11-26,4:30PM,Washington Football Team,@,Dallas Cowboys,41,16,338,1,247,2
12,Sun,2020-11-29,1:00PM,Atlanta Falcons,vs,Las Vegas Raiders,43,6,304,1,243,5
12,Sun,2020-11-29,1:00PM,Buffalo Bills,vs,Los Angeles Chargers,27,17,332,3,367,1
12,Sun,2020-11-29,1:00PM,New York Giants,@,Cincinnati Bengals,19,17,386,1,155,3
12,Sun,2020-11-29,1:00PM,Cleveland Browns,@,Jacksonville Jaguars,27,25,459,1,375,0
12,Sun,2020-11-29,1:00PM,Tennessee Titans,@,Indianapolis Colts,45,26,449,0,336,1
12,Sun,2020-11-29,1:00PM,New England Patriots,vs,Arizona Cardinals,20,17,179,2,298,1
12,Sun,2020-11-29,1:00PM,Miami Dolphins,@,New York Jets,20,3,345,2,260,2
12,Sun,2020-11-29,1:00PM,Minnesota Vikings,vs,Carolina Panthers,28,27,387,3,374,1
12,Sun,2020-11-29,4:05PM,New Orleans Saints,@,Denver Broncos,31,3,292,1,112,3
12,Sun,2020-11-29,4:05PM,San Francisco 49ers,@,Los Angeles Rams,23,20,345,3,308,4
12,Sun,2020-11-29,4:25PM,Kansas City Chiefs,@,Tampa Bay Buccaneers,27,24,543,1,417,2
12,Sun,2020-11-29,8:20PM,Green Bay Packers,vs,Chicago Bears,41,25,393,0,350,3
12,Mon,2020-11-30,8:15PM,Seattle Seahawks,@,Philadelphia Eagles,23,17,301,0,250,1
12,Wed,2020-12-02,3:40PM,Pittsburgh Steelers,vs,Baltimore Ravens,19,14,334,2,219,2
13,Sun,2020-12-06,1:00PM,New Orleans Saints,@,Atlanta Falcons,21,16,424,1,332,1
13,Sun,2020-12-06,1:00PM,Detroit Lions,@,Chicago Bears,34,30,460,1,389,1
13,Sun,2020-12-06,1:00PM,Miami Dolphins,vs,Cincinnati Bengals,19,7,406,1,196,2
13,Sun,2020-12-06,1:00PM,Cleveland Browns,@,Tennessee Titans,41,35,458,1,431,3
13,Sun,2020-12-06,1:00PM,Indianapolis Colts,@,Houston Texans,26,20,371,0,398,2
13,Sun,2020-12-06,1:00PM,Minnesota Vikings,vs,Jacksonville Jaguars,27,24,420,2,390,4
13,Sun,2020-12-06,1:00PM,Las Vegas Raiders,@,New York Jets,31,28,440,2,376,3
13,Sun,2020-12-06,4:05PM,Los Angeles Rams,@,Arizona Cardinals,38,28,463,1,232,2
13,Sun,2020-12-06,4:05PM,New York Giants,@,Seattle Seahawks,17,12,290,1,327,2
13,Sun,2020-12-06,4:25PM,Green Bay Packers,vs,Philadelphia Eagles,30,16,437,0,278,1
13,Sun,2020-12-06,4:25PM,New England Patriots,@,Los Angeles Chargers,45,0,291,0,258,2
13,Sun,2020-12-06,8:20PM,Kansas City Chiefs,vs,Denver Broncos,22,16,447,0,330,2
13,Mon,2020-12-07,5:00PM,Washington Football Team,@,Pittsburgh Steelers,23,17,318,0,326,1
13,Mon,2020-12-07,8:15PM,Buffalo Bills,@,San Francisco 49ers,34,24,449,1,402,2
13,Tue,2020-12-08,8:05PM,Baltimore Ravens,vs,Dallas Cowboys,34,17,401,1,388,1
14,Thu,2020-12-10,8:20PM,Los Angeles Rams,vs,New England Patriots,24,3,318,1,220,1
14,Sun,2020-12-13,1:00PM,Denver Broncos,@,Carolina Panthers,32,27,365,1,370,0
14,Sun,2020-12-13,1:00PM,Chicago Bears,vs,Houston Texans,36,7,410,0,263,2
14,Sun,2020-12-13,1:00PM,Dallas Cowboys,@,Cincinnati Bengals,30,7,272,0,309,3
14,Sun,2020-12-13,1:00PM,Arizona Cardinals,@,New York Giants,26,7,390,0,159,3
14,Sun,2020-12-13,1:00PM,Tennessee Titans,@,Jacksonville Jaguars,31,10,454,1,354,1
14,Sun,2020-12-13,1:00PM,Kansas City Chiefs,@,Miami Dolphins,33,27,448,4,367,1
14,Sun,2020-12-13,1:00PM,Tampa Bay Buccaneers,vs,Minnesota Vikings,26,14,303,0,335,1
14,Sun,2020-12-13,4:05PM,Indianapolis Colts,@,Las Vegas Raiders,44,27,456,0,424,3
14,Sun,2020-12-13,4:05PM,Seattle Seahawks,vs,New York Jets,40,3,410,1,185,1
14,Sun,2020-12-13,4:25PM,Los Angeles Chargers,vs,Atlanta Falcons,20,17,345,1,319,3
14,Sun,2020-12-13,4:25PM,Green Bay Packers,@,Detroit Lions,31,24,410,0,293,0
14,Sun,2020-12-13,4:25PM,Philadelphia Eagles,vs,New Orleans Saints,24,21,413,1,358,2
14,Sun,2020-12-13,4:25PM,Washington Football Team,@,San Francisco 49ers,23,15,193,1,344,3
14,Sun,2020-12-13,8:20PM,Buffalo Bills,vs,Pittsburgh Steelers,26,15,334,2,224,2
14,Mon,2020-12-14,8:15PM,Baltimore Ravens,@,Cleveland Browns,47,42,385,0,493,1
15,Thu,2020-12-17,8:20PM,Los Angeles Chargers,@,Las Vegas Raiders,30,27,402,0,449,1
15,Sat,2020-12-19,4:30PM,Buffalo Bills,@,Denver Broncos,48,19,534,1,255,1
15,Sat,2020-12-19,8:15PM,Green Bay Packers,vs,Carolina Panthers,24,16,291,0,364,1
15,Sun,2020-12-20,1:00PM,Tampa Bay Buccaneers,@,Atlanta Falcons,31,27,416,0,369,0
15,Sun,2020-12-20,1:00PM,Chicago Bears,@,Minnesota Vikings,33,27,397,1,407,1
15,Sun,2020-12-20,1:00PM,Indianapolis Colts,vs,Houston Texans,27,20,350,0,425,2
15,Sun,2020-12-20,1:00PM,Dallas Cowboys,vs,San Francisco 49ers,41,33,291,0,458,4
15,Sun,2020-12-20,1:00PM,Tennessee Titans,vs,Detroit Lions,46,25,463,0,430,3
15,Sun,2020-12-20,1:00PM,Baltimore Ravens,vs,Jacksonville Jaguars,40,14,409,1,267,1
15,Sun,2020-12-20,1:00PM,Miami Dolphins,vs,New England Patriots,22,12,383,1,303,1
15,Sun,2020-12-20,1:00PM,Seattle Seahawks,@,Washington Football Team,20,15,302,1,353,2
15,Sun,2020-12-20,4:05PM,Arizona Cardinals,vs,Philadelphia Eagles,33,26,526,3,422,0
15,Sun,2020-12-20,4:05PM,New York Jets,@,Los Angeles Rams,23,20,289,0,303,1
15,Sun,2020-12-20,4:25PM,Kansas City Chiefs,@,New Orleans Saints,32,29,411,1,285,1
15,Sun,2020-12-20,8:20PM,Cleveland Browns,@,New York Giants,20,6,392,0,288,0
15,Mon,2020-12-21,8:15PM,Cincinnati Bengals,vs,Pittsburgh Steelers,27,17,230,0,244,3
16,Fri,2020-12-25,4:30PM,New Orleans Saints,vs,Minnesota Vikings,52,33,583,2,364,0
16,Sat,2020-12-26,1:00PM,Tampa Bay Buccaneers,@,Detroit Lions,47,7,588,0,186,2
16,Sat,2020-12-26,4:30PM,San Francisco 49ers,@,Arizona Cardinals,20,12,398,1,350,2
16,Sat,2020-12-26,8:15PM,Miami Dolphins,@,Las Vegas Raiders,26,25,383,0,418,1
16,Sun,2020-12-27,1:00PM,Kansas City Chiefs,vs,Atlanta Falcons,17,14,395,2,367,1
16,Sun,2020-12-27,1:00PM,Chicago Bears,@,Jacksonville Jaguars,41,17,391,1,279,2
16,Sun,2020-12-27,1:00PM,Cincinnati Bengals,@,Houston Texans,37,31,540,0,488,1
16,Sun,2020-12-27,1:00PM,New York Jets,vs,Cleveland Browns,23,16,333,0,299,2
16,Sun,2020-12-27,1:00PM,Pittsburgh Steelers,vs,Indianapolis Colts,28,24,354,0,365,2
16,Sun,2020-12-27,1:00PM,Baltimore Ravens,vs,New York Giants,27,13,432,1,269,0
16,Sun,2020-12-27,4:05PM,Carolina Panthers,@,Washington Football Team,20,13,280,2,386,4
16,Sun,2020-12-27,4:05PM,Los Angeles Chargers,vs,Denver Broncos,19,16,316,0,396,2
16,Sun,2020-12-27,4:25PM,Dallas Cowboys,vs,Philadelphia Eagles,37,17,513,1,477,3
16,Sun,2020-12-27,4:25PM,Seattle Seahawks,vs,Los Angeles Rams,20,9,292,0,334,1
16,Sun,2020-12-27,8:20PM,Green Bay Packers,vs,Tennessee Titans,40,14,448,1,260,2
16,Mon,2020-12-28,8:15PM,Buffalo Bills,@,New England Patriots,38,9,474,0,201,0
17,Sun,2021-01-03,1:00PM,Tampa Bay Buccaneers,vs,Atlanta Falcons,44,27,485,1,385,2
17,Sun,2021-01-03,1:00PM,Buffalo Bills,vs,Miami Dolphins,56,26,455,2,454,4
17,Sun,2021-01-03,1:00PM,Baltimore Ravens,@,Cincinnati Bengals,38,3,525,1,195,2
17,Sun,2021-01-03,1:00PM,Cleveland Browns,vs,Pittsburgh Steelers,24,22,358,0,394,1
17,Sun,2021-01-03,1:00PM,New York Giants,vs,Dallas Cowboys,23,19,336,2,307,1
17,Sun,2021-01-03,1:00PM,Minnesota Vikings,@,Detroit Lions,37,35,508,0,417,2
17,Sun,2021-01-03,1:00PM,New England Patriots,vs,New York Jets,28,14,404,0,350,2
17,Sun,2021-01-03,4:25PM,New Orleans Saints,@,Carolina Panthers,33,7,347,0,320,5
17,Sun,2021-01-03,4:25PM,Green Bay Packers,@,Chicago Bears,35,16,316,1,356,2
17,Sun,2021-01-03,4:25PM,Indianapolis Colts,vs,Jacksonville Jaguars,28,14,437,1,283,1
17,Sun,2021-01-03,4:25PM,Los Angeles Rams,vs,Arizona Cardinals,18,7,333,2,214,1
17,Sun,2021-01-03,4:25PM,Las Vegas Raiders,@,Denver Broncos,32,31,465,4,446,0
17,Sun,2021-01-03,4:25PM,Tennessee Titans,@,Houston Texans,41,38,492,1,457,1
17,Sun,2021-01-03,4:25PM,Los Angeles Chargers,@,Kansas City Chiefs,38,21,416,0,268,1
17,Sun,2021-01-03,4:25PM,Seattle Seahawks,@,San Francisco 49ers,26,23,280,0,328,1
17,Sun,2021-01-03,8:20PM,Washington Football Team,@,Philadelphia Eagles,20,14,248,2,216,3
WildCard,Sat,2021-01-09,1:05PM,Buffalo Bills,vs,Indianapolis Colts,27,24,397,0,472,0
WildCard,Sat,2021-01-09,4:40PM,Los Angeles Rams,@,Seattle Seahawks,30,20,333,0,278,2
WildCard,Sat,2021-01-09,8:15PM,Tampa Bay Buccaneers,@,Washington Football Team,31,23,507,1,375,1
WildCard,Sun,2021-01-10,1:05PM,Baltimore Ravens,@,Tennessee Titans,20,13,401,1,209,1
WildCard,Sun,2021-01-10,4:40PM,New Orleans Saints,vs,Chicago Bears,21,9,385,1,239,0
WildCard,Sun,2021-01-10,8:15PM,Cleveland Browns,@,Pittsburgh Steelers,48,37,390,0,553,5
Division,Sat,2021-01-16,4:35PM,Green Bay Packers,vs,Los Angeles Rams,32,18,484,0,244,0
Division,Sat,2021-01-16,8:15PM,Buffalo Bills,vs,Baltimore Ravens,17,3,220,0,340,1
Division,Sun,2021-01-17,3:05PM,Kansas City Chiefs,vs,Cleveland Browns,22,17,438,1,308,2
Division,Sun,2021-01-17,6:40PM,Tampa Bay Buccaneers,@,New Orleans Saints,30,20,316,0,294,4
ConfChamp,Sun,2021-01-24,3:05PM,Tampa Bay Buccaneers,@,Green Bay Packers,31,26,351,3,381,2
ConfChamp,Sun,2021-01-24,6:40PM,Kansas City Chiefs,vs,Buffalo Bills,38,24,439,1,363,1
SuperBowl,Sun,2021-02-07,6:30PM,Tampa Bay Buccaneers,N,Kansas City Chiefs,31,9,340,0,350,2